Ticker,Tier,Price,P/E,Sector,Z-Score,ROIC %,Op Margin %,Avg Margin (4Y),Curr Ratio,Int Cov,Mkt Cap (B),Analyst_Rating,Target_Price,Upside_%
CXW,Fortress,19.11,19.11,Industrials,1.66,6.02,9.34,10.46,1.41,2.36,2.05,1.0,29.875,56.33
TME,Fortress,17.53,17.71,Communication Services,2.04,11.96,29.13,16.63,2.085,71.26,29.52,1.40625,26.889978,53.39
ELF,Fortress,76.04,54.31,Consumer Defensive,7.2,15.14,2.24,11.51,2.701,9.74,4.53,1.625,115.42857,51.8
GNRC,Fortress,136.37,26.02,Industrials,4.01,12.25,9.25,13.59,2.183,5.56,8.0,1.80952,206.5294,51.45
BIRK,Fortress,40.9,18.59,Consumer Cyclical,3.24,12.15,22.04,24.04,2.811,7.22,7.52,1.5,61.119843,49.44
SGHC,Fortress,11.95,28.45,Consumer Cyclical,9.7,31.26,23.52,10.14,1.75,32.04,6.04,1.25,17.625,47.49
SMPL,Fortress,20.08,19.69,Consumer Defensive,3.38,7.01,15.69,16.38,3.642,6.85,2.01,2.0,29.6,47.41
GPRK,Fortress,7.41,11.23,Energy,1.75,33.49,25.9,45.1,2.63,7.68,0.38,1.85714,10.9,47.1
BRBR,Fortress,26.73,15.91,Consumer Defensive,5.99,54.3,15.77,16.89,2.353,5.23,3.2,1.8125,38.0,42.16
NWSA,Fortress,26.12,31.47,Communication Services,2.35,7.41,10.45,9.72,1.763,,15.25,1.75,36.68571,40.45
DT,Fortress,43.34,26.43,Technology,5.97,6.5,14.78,9.07,1.587,,13.07,1.58333,60.78125,40.24
JBS,Fortress,14.42,14.0,Consumer Defensive,2.71,15.01,5.48,6.17,1.602,2.65,15.99,1.33333,20.09679,39.37
LKQ,Fortress,30.2,11.19,Consumer Cyclical,2.63,10.09,8.23,10.56,1.596,4.66,7.77,1.77778,41.1875,36.38
NVDA,Fortress,186.5,46.05,Technology,89.6,90.08,63.17,43.63,4.468,341.19,4540.72,1.32812,253.01825,35.67
BABA,Fortress,146.58,19.7,Consumer Cyclical,1.81,12.06,2.17,12.72,1.456,17.2,349.75,1.44186,198.64935,35.52
CGNX,Fortress,35.98,55.35,Technology,8.88,6.31,20.86,21.08,3.964,100.0,6.03,1.90476,48.65,35.21
FRO,Fortress,21.82,22.27,Energy,1.67,14.32,20.8,25.9,1.369,2.66,4.86,1.25,29.375,34.62
NFLX,Fortress,93.76,39.23,Communication Services,10.51,24.92,28.22,21.5,1.332,14.87,397.29,1.95349,126.19184,34.59
BSX,Fortress,95.35,50.99,Healthcare,5.63,7.84,20.73,16.57,1.508,8.48,141.35,1.32353,125.85781,32.0
AVGO,Fortress,346.1,71.66,Technology,12.01,17.0,31.77,39.71,1.705,8.08,1640.95,1.27083,456.802,31.99
LEVI,Fortress,20.74,16.08,Consumer Cyclical,2.78,5.97,11.68,9.8,1.519,6.24,8.21,1.64286,27.21429,31.22
ET,Fortress,16.49,13.19,Energy,1.37,9.08,10.79,10.95,1.405,3.27,56.62,1.55,21.6181,31.1
RMBS,Fortress,91.89,43.76,Technology,27.97,15.97,35.43,19.68,11.609,142.27,9.89,1.25,120.0,30.59
DAR,Fortress,36.0,54.55,Consumer Defensive,1.95,5.55,7.87,8.93,1.488,1.97,5.69,1.38462,47.0,30.56
PDD,Fortress,113.39,11.57,Consumer Cyclical,3.21,41.91,23.11,20.47,2.355,100.0,160.97,1.7561,147.64946,30.21
OLLI,Fortress,109.61,30.36,Consumer Defensive,6.96,11.91,9.03,10.84,2.5,100.0,6.72,1.73333,141.53333,29.12
MSFT,Fortress,483.62,34.45,Technology,9.59,26.37,48.87,43.52,1.401,52.84,3594.83,1.2807,622.51416,28.72
BWXT,Fortress,172.84,52.06,Industrials,7.99,16.2,10.91,13.47,1.708,9.83,15.8,1.72727,221.22221,27.99
DLO,Fortress,14.14,25.25,Technology,5.72,30.69,19.68,28.06,1.456,302.44,4.17,1.7,17.95,26.94
ETN,Fortress,318.51,31.91,Industrials,5.29,15.38,19.79,15.59,1.28,36.12,124.0,1.82759,404.0624,26.86
META,Fortress,660.09,28.98,Communication Services,12.94,29.44,40.08,35.32,1.978,99.83,1663.78,1.35821,837.1525,26.82
TSCO,Fortress,50.01,24.28,Consumer Cyclical,5.22,19.6,9.21,10.1,1.301,26.88,26.43,1.93548,63.14815,26.27
AS,Fortress,37.35,67.91,Consumer Cyclical,4.46,5.6,12.87,7.29,1.511,1.74,20.71,1.28,46.86957,25.49
JAZZ,Fortress,170.0,0.0,Healthcare,1.81,6.46,22.33,13.24,1.652,2.98,10.33,1.5,213.0,25.29
LNTH,Fortress,66.55,27.61,Healthcare,5.54,25.9,11.36,10.84,2.667,22.91,4.53,1.46154,83.14286,24.93
ANET,Fortress,131.03,49.63,Technology,27.18,26.03,42.38,36.7,3.254,100.0,165.0,1.48148,163.36708,24.68
TMHC,Fortress,58.87,7.09,Consumer Cyclical,3.85,14.21,14.59,14.71,7.988,,5.75,1.57143,73.0,24.0
AGI,Fortress,38.58,30.14,Basic Materials,6.01,10.53,80.68,28.96,1.717,35.88,16.2,1.38462,47.375,22.8
GMAB,Fortress,30.8,13.51,Healthcare,11.46,22.92,44.91,35.78,6.034,77.37,19.09,1.5,37.81429,22.77
CDNS,Fortress,312.58,80.56,Technology,14.23,19.35,35.09,29.17,3.048,19.37,85.17,1.57692,382.9781,22.52
PAGS,Fortress,9.64,7.42,Technology,1.11,20.32,38.37,30.23,1.42,1.64,2.81,2.0,11.803645,22.44
SYK,Fortress,351.47,46.19,Healthcare,5.3,13.2,22.27,18.09,1.849,100.0,134.41,1.9,428.11334,21.81
NKE,Fortress,63.71,38.85,Consumer Cyclical,4.41,14.23,8.09,11.53,2.063,100.0,94.18,1.92308,77.23529,21.23
SN,Fortress,111.9,27.63,Consumer Cyclical,6.18,22.21,16.13,10.21,1.957,9.98,15.79,1.25,135.36092,20.97
TCOM,Fortress,71.91,19.49,Consumer Cyclical,1.21,11.12,30.4,13.53,1.485,10.8,47.0,1.3,86.78836,20.69
ATAT,Fortress,39.4,26.27,Consumer Cyclical,2.98,34.11,24.79,14.65,2.157,553.74,5.44,1.21053,47.53159,20.64
MAT,Fortress,19.84,15.03,Consumer Cyclical,3.19,14.18,22.18,12.26,1.598,6.24,6.39,1.64286,23.91667,20.55
NVT,Fortress,101.97,57.29,Industrials,3.87,9.02,16.03,15.69,1.574,5.05,16.45,1.28571,122.69538,20.32
PLNT,Fortress,108.47,44.45,Consumer Cyclical,2.17,12.44,32.57,25.47,2.082,3.47,9.14,1.44444,130.41176,20.23
NXPI,Fortress,217.06,26.8,Technology,3.3,16.43,28.24,26.82,2.375,8.79,54.72,1.53125,260.66876,20.09
COP,Fortress,93.61,13.22,Energy,2.83,13.36,19.54,27.22,1.323,13.34,116.91,1.72414,112.29964,19.97
SLB,Fortress,38.38,14.93,Energy,3.06,17.12,15.48,15.21,1.387,12.08,57.34,1.43333,45.98552,19.82
SBLK,Fortress,19.22,40.89,Industrials,1.32,10.78,14.1,37.16,1.725,4.28,2.2,1.75,22.975,19.54
TEL,Fortress,227.51,36.99,Technology,5.29,16.44,19.77,18.3,1.556,42.61,67.01,1.66667,271.52942,19.35
J,Fortress,132.46,51.14,Industrials,3.0,8.72,10.52,6.24,1.301,4.73,15.73,2.0,156.53333,18.17
NXT,Fortress,87.11,22.57,Technology,5.98,30.62,20.32,14.62,2.178,50.48,13.22,1.75,102.84615,18.06
PNR,Fortress,104.14,26.43,Industrials,5.21,14.55,23.98,17.83,1.462,9.11,17.07,1.85,122.0,17.15
BIDU,Fortress,130.66,11.79,Communication Services,1.58,9.07,3.52,13.38,1.907,11.14,45.55,1.60606,153.01965,17.11
BURL,Fortress,288.85,33.2,Consumer Cyclical,3.25,11.46,5.75,6.25,1.208,10.71,18.18,1.55556,337.7143,16.92
ALC,Fortress,78.81,37.53,Healthcare,3.29,5.16,12.85,9.99,2.118,7.54,38.86,1.78571,92.09529,16.86
IMAX,Fortress,36.96,52.06,Communication Services,3.14,7.38,27.25,7.82,3.942,5.66,1.99,1.36364,43.18182,16.83
BKR,Fortress,45.54,15.7,Energy,2.21,13.65,13.52,9.78,1.409,17.49,44.94,1.82609,53.14286,16.69
FERG,Fortress,222.63,22.53,Industrials,5.29,22.33,9.5,9.25,1.878,13.75,44.7,1.84,259.77274,16.68
CMG,Fortress,37.0,32.74,Consumer Cyclical,7.62,24.7,16.13,14.83,1.542,100.0,49.61,1.69444,43.09091,16.46
AEM,Fortress,169.53,25.12,Basic Materials,6.32,10.21,53.1,29.01,2.12,33.63,85.11,1.75,197.08333,16.25
TS,Fortress,38.45,10.34,Energy,5.86,14.69,20.03,21.59,4.079,42.76,19.52,2.0,44.41538,15.51
ABT,Fortress,125.29,15.74,Healthcare,5.68,11.26,19.39,17.78,1.703,13.55,218.06,1.71429,144.4292,15.28
GGB,Fortress,3.69,13.67,Basic Materials,1.86,8.24,8.73,17.38,2.704,7.86,7.29,1.83333,4.2531805,15.26
EMN,Fortress,63.83,10.66,Basic Materials,2.4,10.35,9.67,13.92,1.756,5.99,7.33,1.88235,73.35294,14.92
AXTA,Fortress,32.31,15.46,Basic Materials,2.38,11.89,15.76,10.96,2.199,3.42,6.89,1.6875,37.06667,14.72
RGLD,Fortress,222.29,30.49,Basic Materials,44.21,13.18,50.53,51.72,3.516,44.71,18.76,1.81818,253.90909,14.22
CEG,Fortress,353.27,40.98,Utilities,2.64,10.9,16.33,7.58,1.563,9.92,110.36,1.76471,403.30124,14.16
HWM,Fortress,205.02,57.75,Industrials,10.07,17.45,25.66,18.61,2.353,8.6,82.52,1.43478,233.696,13.99
SVM,Fortress,8.34,75.82,Basic Materials,4.9,10.35,42.7,30.35,4.588,22.11,1.84,1.33333,9.5,13.91
KO,Fortress,69.91,23.15,Consumer Defensive,4.45,19.58,32.37,28.75,1.211,8.9,300.87,1.625,79.6087,13.87
PWR,Fortress,422.06,62.71,Industrials,5.39,11.18,7.11,5.13,1.344,6.98,62.94,1.86667,476.6325,12.93
HAS,Fortress,82.0,0.0,Consumer Cyclical,3.0,13.53,24.58,10.58,1.705,3.9,11.51,1.42857,92.46154,12.76
DHR,Fortress,228.92,47.01,Healthcare,4.87,6.96,20.75,24.05,1.519,17.71,163.92,1.4,258.0909,12.74
EW,Fortress,85.25,37.72,Healthcare,12.7,13.57,27.37,30.42,4.004,79.19,50.05,1.93939,95.80071,12.38
CRH,Fortress,124.8,24.91,Basic Materials,3.61,13.21,18.0,12.3,1.453,8.7,83.5,1.5,139.0,11.38
APH,Fortress,135.14,45.05,Technology,10.55,18.6,27.48,20.72,2.07,14.88,165.42,1.77778,150.43056,11.31
ELV,Fortress,350.55,14.27,Healthcare,2.8,7.78,3.46,5.5,1.56,7.67,78.94,1.95238,389.21054,11.03
BORR,Fortress,4.03,14.39,Energy,0.45,11.36,35.44,9.66,1.626,1.7,1.24,2.0,4.47,10.92
TOL,Fortress,135.22,10.02,Consumer Cyclical,4.04,15.08,17.67,16.61,4.108,,13.03,1.9375,149.35715,10.45
HAL,Fortress,28.26,18.59,Energy,3.41,18.86,12.86,15.52,1.955,8.19,24.09,1.80769,31.20833,10.43
TMO,Fortress,579.45,33.44,Healthcare,4.34,10.03,19.28,20.02,1.498,6.06,217.7,1.53846,639.3913,10.34
TSEM,Fortress,117.42,67.87,Technology,19.53,7.92,12.78,14.02,6.61,54.97,13.17,1.8,129.0,9.86
NEM,Fortress,99.85,15.85,Basic Materials,3.2,10.15,46.85,16.86,2.039,13.21,109.68,1.66667,109.495,9.66
AMRZ,Fortress,54.08,23.01,Basic Materials,2.66,10.06,21.33,16.41,1.45,7.03,29.91,1.9,58.83,8.78
NUE,Fortress,163.11,22.91,Basic Materials,4.51,10.81,10.42,19.62,2.774,13.73,37.33,1.46667,177.07692,8.56
KEYS,Fortress,203.19,40.4,Technology,5.83,12.46,15.29,20.62,2.35,12.27,34.91,1.76923,219.76923,8.16
GLW,Fortress,87.56,56.13,Technology,4.25,5.01,14.56,10.21,1.556,3.47,75.07,1.64286,94.53846,7.97
SHC,Fortress,17.64,88.2,Healthcare,1.64,9.67,40.56,26.43,2.384,1.69,5.01,1.77778,18.92857,7.3
STLD,Fortress,169.45,22.47,Basic Materials,5.77,15.95,10.52,20.15,3.107,36.19,24.94,1.61538,180.77615,6.68
ATI,Fortress,114.76,37.02,Industrials,4.53,15.17,15.11,9.69,2.502,4.91,15.82,1.33333,121.25,5.66
ADI,Fortress,271.2,59.47,Technology,6.46,6.77,30.5,27.79,2.19,9.54,132.79,1.75,285.5625,5.3
FSLR,Fortress,261.23,20.05,Technology,5.7,14.38,29.23,16.04,1.91,37.18,28.03,1.66667,274.60562,5.12
MU,Fortress,285.41,27.16,Technology,8.66,14.2,44.97,7.06,2.46,21.24,321.23,1.58537,299.76315,5.03
GOOG,Fortress,313.8,30.98,Communication Services,20.78,33.25,30.51,29.14,1.747,448.07,3788.14,1.46269,328.20557,4.59
MRK,Fortress,105.26,13.92,Healthcare,4.24,23.91,40.8,23.59,1.661,16.69,262.92,1.89655,110.03962,4.54
IAG,Fortress,16.49,29.45,Basic Materials,3.97,20.2,35.3,7.83,1.684,374.85,9.78,2.0,17.2,4.31
FDX,Fortress,288.86,15.99,Industrials,2.63,8.63,7.64,6.72,1.274,7.9,68.16,2.0,300.10715,3.89
EXEL,Fortress,43.83,18.42,Healthcare,11.96,27.12,42.89,18.41,3.752,100.0,11.8,2.0,45.27778,3.3
REGN,Fortress,771.87,18.5,Healthcare,8.28,14.3,29.56,38.46,4.063,87.59,81.81,1.84615,795.3822,3.05
B,Fortress,43.55,21.24,Basic Materials,3.7,11.18,49.01,30.18,2.944,11.89,74.46,1.68182,44.80214,2.88
ROST,Fortress,180.14,28.1,Consumer Cyclical,6.4,27.53,11.58,11.64,1.52,44.5,58.59,1.72222,184.875,2.63
LLY,Fortress,1074.68,52.65,Healthcare,10.41,26.74,48.29,32.2,1.546,17.24,963.4,1.7,1093.2229,1.73
AMAT,Fortress,256.99,30.02,Technology,11.94,33.71,28.44,29.46,2.61,35.46,204.73,1.86842,261.1875,1.63
CVE,Fortress,16.92,13.43,Energy,2.34,9.6,11.0,10.14,1.729,7.27,31.92,1.52941,17.17,1.48
ASML,Fortress,1069.86,37.51,Technology,10.16,32.26,32.84,32.64,1.308,56.61,415.26,1.7027,1068.4114,-0.14
FCX,Fortress,50.79,36.02,Basic Materials,2.74,14.64,28.06,30.34,2.455,22.65,72.93,1.7619,50.52,-0.53
LRCX,Fortress,171.18,37.7,Technology,15.44,41.53,34.35,30.48,2.207,34.43,215.86,1.79412,169.82759,-0.79
PAAS,Fortress,51.81,30.48,Basic Materials,5.81,7.36,30.05,7.2,2.313,10.07,21.87,2.0,50.0,-3.49
NYT,Fortress,69.42,34.03,Communication Services,10.05,17.26,14.95,12.51,1.524,378.01,11.3,1.77778,66.875,-3.67
